path	size	sha256
.DS_Store	20484	c749bbddb4c4f679c6dc3030592a136d5fa98ab9c84c26c6eb206b4b925a577a
.gitattributes	68	d8fb0de4792538f93822b2c0d235604921299d5e54a3d6ec7a6cb34536e8bf1e
config/arbitrage/arbitrage_segmented.yaml	19068	a4d9fe6f8cd06b80e2085d2d4ca0b63814a9d4a6dbbaf7416dc269360b324966
config/arbitrage/arbitrage_segmented_duotui.yaml	13283	2fa6885e755de354efda37c8f8d3f4e5552bd5946f7362c7f011adfdcac36f06
config/arbitrage/arbitrage_segmented_kuasuo.yaml	12983	7c26647dfb22288a1d0aff60f7d09b4a3377cb22e305f4b13d57dde991314f2a
config/arbitrage/arbitrage_unified.yaml	17535	96b436a0e0383b6b1d9e939e96baa93d3c69ec8bfecc8c179a8a29a8b5c5589b
config/arbitrage/extra_symbols.yaml	744	e1c619b78a4896508afc7f8b04890aa0d976a53d44f742c0f896cae73842aa86
config/arbitrage/monitor.yaml	2658	9ec9570eac95aa081eb4c5da4a1320f105d40d1792f29ec5c641ec80aee36c3e
config/arbitrage/MONITOR_CONFIG_ANALYSIS.md	7866	87a172295de29c4cce14ae7a66981924a5919d9f9e13e4d8246a8e68968f156a
config/arbitrage/monitor_lighter_eth_spot.yaml	1266	cc5dc9ce03d2f20ec51017249f6f4dae3d8446418d60eae16b5e92ed5a9e6ae4
config/arbitrage/monitor_lighter_gold.yaml	2212	366d5c1893e4f172f34a18feea67a67c6afc4a67a63db396ade420113055392c
config/arbitrage/monitor_lighter_multi_btc.yaml	816	22cbcb54ad73214e2af106229bc3282398b331cb72c796339bb501f4013b3b6e
config/arbitrage/monitor_paradex_lighter_btc.yaml	2157	0289cd8c6ff8286cc006e5e958410fd136d4ad9ae50c86f2127fa6a0d908a245
config/arbitrage/monitor_v2.yaml	3421	3bab7271e348088aa7c9bbbeaba95e6b73a16a40525092412adf25b0c764ffb9
config/arbitrage/multi_exchange_arbitrage.yaml	872	899d3cc7e1d200bbfaa7befbbad9cc5fad1f38f7cba417cb201ea43793dbcc6a
config/arbitrage/multi_leg_pairs.yaml	2146	e7973574c94f483354018c04cf20f93eb46dfd26d6775fbf247c7d3b04089146
config/arbitrage/README_配置文件说明.md	12317	799c4e173151a44235c986b1b2c15a95c095be3e41eac710ac02ca87d3dd70e0
config/arbitrage/segment_symbol_filters.yaml	387	a07020511f9319d0d4541055c349777953a873d888892dab0f828f704fbd4009
config/arbitrage/快速参考.md	4126	21a4d3036909c11f255e37f6db802d9f24de9305527baf92f5dc6bbd27fb7019
config/arbitrage/配置文件关系图.md	10431	dbdba6a05c423f1db02735e36fce08bfc60ed239be1942d3b45346e6f5286a80
config/exchanges/backpack_config.yaml	8212	5a22da0236c52a2b62315808da337e15055f93d9240bf457b2ba7cc97637ea61
config/exchanges/binance_config.yaml	3022	fe93ece07424dfd48b289d2f770f8ab06b23eea753b2da6deee8cd2f09d2d1e1
config/exchanges/edgex_config.yaml	10365	69621414f68b651cbc2fce8ab3310b9146d8db82da55a177052c1722b79b4ff2
config/exchanges/edgex_lighter_markets.json	98976	fc2be30adf5d10a1302ba4652bf0992531bcf8416beccaa1fffccfd8f394a609
config/exchanges/edgex_markets.json	169765	7940829ac90bcac7ad33bfd7d52cd22976b2d4fd40b3908bd51d49ec42171cc2
config/exchanges/grvt_config.yaml	1603	adf426d4ea6180bc72418561d78d1ca8dc436b5e8ce5b372433f8fe7fe2d0a53
config/exchanges/hyperliquid_config.yaml	12180	59a6e00c1fdb5f62cb4c513ef7b061051f2a8826458e1577c7309d92c7b78ec1
config/exchanges/hyperliquid_example.yaml	3742	4b801016080a259ec9943928dcfbd758ea238ef28ad5de7e2416e64c81227347
config/exchanges/lighter_config.yaml	5959	c64d8e6582b781a969b44fa35ac57824ea71b84ac5a2b3504e54ec66b6416f13
config/exchanges/lighter_markets.json	147636	317c3eca12f070c677ca95c2c93122e8fb7161f2de3741401fcfca139f7d70ec
config/exchanges/paradex_config.example.yaml	3772	d2e81b1767db151843f2163bb766b7a875bb9c0a307dee78fe632ea6bf90e3d0
config/exchanges/paradex_config.yaml	7857	08db3bfed599f4bb645b9033a2cfd0b101251f7ee6102e3ea96dde7f754e6d50
config/grid/backpack-long-perp-bnb.yaml	15927	d4c0eaa787cecb60c8b196fc290dcdcda3a54c740bbf8b6643c8189427b31159
config/grid/backpack-long-perp-btc.yaml	14979	12a07b71bad5cb3f6d9c6fd190459c71ab4604f601701a9c0600ac02e2cfd2f1
config/grid/backpack-long-perp-eth.yaml	15565	85d4a3e6b6da9c200cbb32cfa2d47a0e7e42e1564b48108937fa02c12c33ee8e
config/grid/backpack-long-perp-hype.yaml	15951	e3bba8eef9fc8659529a5f98e829bd1e2f0c1ac5d26d2f1dc32d77f33e5b23cd
config/grid/backpack-long-perp-sol.yaml	15041	2a9694ae6fdb3339c255b93e0b3d918ebcaa07bb2998c1dcaa324f4b5321ae64
config/grid/backpack-short-perp-hype.yaml	12662	9119b76b447e8d6c2ed9788fd43ba0359c1fa7af9baa8c4756e43fe57939f380
config/grid/hyperliquid-long-perp-btc.yaml	10234	db31642ac5986d2ef17d8874e199236d8ffdb39eacd69bafd23bc78f23f1fb7c
config/grid/hyperliquid-long-spot-btc.yaml	12565	6d26f31c468c1203b42ef6a419bfa08c72a17c075e02166485b1aa4f17ba2cf0
config/grid/hyperliquid-short-perp-btc.yaml	11000	8e938602877e9d28700835ea83810a03c7f46e2e602910d5304a06822921cc68
config/grid/LIGHTER_使用说明.md	3302	13a625154e56f5f38c4a2575a06aa6ceb871e24fc69b78c2252aa8179ae679ce
config/grid/lighter-long-perp-btc.yaml	7431	9781f2a65a9e03e4c2a3f47f8f490049a85d2916c0f3649e2f71b6fb2eb438bb
config/grid/lighter-long-perp-eth.yaml	7437	593f69cddb68f6f2393073f96ffe5e0417aba612642a41ae630e83901d33d40b
config/grid/lighter-long-perp-mega.yaml	7428	798bb565feecda4ea28cc13919372e3963d96ab5d9a13df245346fa1de8e31ec
config/grid/lighter-long-perp-met.yaml	7653	3be587aa915e24b9ae45d4d6b36c7a4c1529a4575ef5404bc308f2645528daa9
config/grid/lighter-long-perp-pump.yaml	7653	385bcc172c60e2c95ee9ac788135d156a8dd34af3b18bf682e8570664277b6f4
config/grid/lighter-long-perp-resolv.yaml	7655	3978c05097eff96e438e30e19bf47392cbffd1503b055cb78fc116a62038dd4a
config/grid/lighter-long-perp-sol.yaml	7656	dcf46590a932aa7cce5f27f7bfdda3b742ddee166b7648cba7a4b1163e95aac0
config/grid/lighter-long-perp-strk.yaml	7653	6b503c94dc5ea7027fda5db8f373f3e4d716efa0d43f4c125e0a8c7aac5fde42
config/grid/lighter-long-perp-trump.yaml	7435	016657336a035c8b1986cfe28621cbcdd924328ad5d02307a22b6ee79496d884
config/grid/lighter-long-perp-模版.yaml	7652	587dc2d3c5b7d40616fbc4eb86ba739b6113a28120c51e94ed5fa8a1ed548d92
config/grid/lighter-long-spot-eth.yaml	9344	af90b630981bd4c665f7bf81d195c7e2739142d8821570b5e53de7b08fdbc9ca
config/grid/lighter-long-spot-模版.yaml	9237	cb8079f7944edd5d7656c2566fdda1b185a8577cbf7cd4720a2b2f13ff753791
config/grid/lighter-short-perp-btc.yaml	7435	44ae4c6941a687c7530a2903ead1ba6053b5a42e8879a151def3214b3e9e639c
config/grid/lighter-short-perp-mega.yaml	7464	a7ae6d951cc4724919ca1773c2bafcc8f225c99ad8bc365c7ee6452607bf2d15
config/grid/paradex-long-perp-eth.yaml	5084	a728c88cc5073a2908ae4efb56b9b8c766ca20dd2b1f4f255369170fe8408116
config/grid/README.md	6059	541926744447649f2b4f27e74d3abe0094c01c2765a98c0771877e104e08ffbf
config/logging.yaml	9581	e3e98f64239fbca39fd4f6e77d14a82d7d080856c4bb293b077c2ea5a515d5a8
config/price_alert/binance_alert.yaml	6203	67dace2cb7e388e9874748db512c094bc26e3f076c1df59277db1c8087e54fa0
config/symbol_conversion.yaml	7973	e24499b3f893cd508091baf1443d91d1e4f09f712d53ab541f1550c95695c3fa
config/volume_maker/backpack_btc_volume_maker.yaml	21746	8d11c540de6ac8e6825c441f4de506fcc370f00ddd0039fcc70eca3ff9a7f938
config/volume_maker/lighter_volume_maker.yaml	25253	138e7017b1a90c69d0ce16963c6000b5ac54425518e21dcf8a8ba6cb9167cd0a
core/__init__.py	960	3c56254670d1449c126e6aa1dcb4771a9eb0198ef2b008fa9ccd49230d8bf0d3
core/adapters/__init__.py	23	1677a715283c1d68741bcc7cc50568704b2e9c5431a8956ecbf70e042657fe18
core/adapters/exchanges/__init__.py	2195	ea4472af75521bc1420c29a07500ec5b153af7fc00c47d1ec3c705c873c30c8e
core/adapters/exchanges/adapter.py	19009	ff58deee3fd0f5664b840150520c5ba04f94562a6ff8f6594f9ee9ecc11db8e0
core/adapters/exchanges/adapters/__init__.py	1188	7dfdb4c4c7ecf35170ec4613047da5689e2db44fe8c4a8e926be088e9c8a51f1
core/adapters/exchanges/adapters/backpack.py	46237	2293006cb4a08cec2f0a3762832158141c2e84280552069099cc0176bc0f9cba
core/adapters/exchanges/adapters/backpack_backup.py.md	94863	e387cf56c78f6388fb612bf3b6708f1672ab6e4ffc3559bcd16fa63469188d74
core/adapters/exchanges/adapters/backpack_base.py	21359	ff5973d3128d5012cc96816993af34be581779e421d370a79e981970cdc7ca34
core/adapters/exchanges/adapters/backpack_rest.py	92016	10d715d251bc07b6fc286abbd08f72435a52165af6482ae96ceeb68ba104bc4e
core/adapters/exchanges/adapters/backpack_websocket.py	112963	64e681c6392d4bb446ba9f9a03af79a4edad7292c97d2a21fa7e2f71da47c80b
core/adapters/exchanges/adapters/binance.py	21162	9986cc94795f338e8624f215acf5f72b50687a11e5becf854025f750c6491ecc
core/adapters/exchanges/adapters/binance_base.py	15746	5c42d380234028a71dd409f601648a49703d42036eb61c72446455a67a9c84cd
core/adapters/exchanges/adapters/binance_rest.py	20361	f0fe118bf3ba1dbe13dd2d3f65470611aeb4aa7a8764740780989f8457e7c130
core/adapters/exchanges/adapters/binance_websocket.py	40205	c306b0fe9798584878910539609ca804df520d0c3b6ca6a8bd4f3b4d46ad3cff
core/adapters/exchanges/adapters/edgex.py	63486	32a99131ba54ad49bc21b78cbfaf175d23eedbce6dea00445f9ef2620d7f084d
core/adapters/exchanges/adapters/edgex_backup.md	61569	a24f3fe94b2be662c09c68c59a8806e51d202d6a9b9177503a543aaf126e7150
core/adapters/exchanges/adapters/edgex_base.py	14595	27804f4d00dd1bb0a98226b6c86c3a8118157f5136deae71bce22ba47cc13b62
core/adapters/exchanges/adapters/edgex_rest.py	77423	e4b34f9adf699216b7cb5cc71983ac5df2b44d954f7d3d1fc57d5da2c2f362fc
core/adapters/exchanges/adapters/edgex_websocket.py	142612	267c925f41dd842b56eb301111b7f8028fe68a6b65eb04354f41d22366d2376c
core/adapters/exchanges/adapters/grvt.py	42717	92b079ce941dc0c2eed4a4e2f8746c6141ba6d7a03af7b57d66f1fd659572481
core/adapters/exchanges/adapters/grvt_base.py	6923	f638667fe00cb24bbb05f57f67d29217bd86ad90f0521f437d3c03f9878e733d
core/adapters/exchanges/adapters/grvt_rest.py	6685	effc72cae1cacd7a91c5221e1240eb3d84bacf074bdb2e93bf9d12cd7a7ed8a1
core/adapters/exchanges/adapters/grvt_websocket.py	20277	2c1bdbb0ada338372a7f6ded355687edf0d4919894e80e5c3ed68b4cc0535791
core/adapters/exchanges/adapters/hyperliquid.py	64666	411ee905efa09bb2acd54aad472047652fb28d254d9a42f90d8231ad2919a4b3
core/adapters/exchanges/adapters/hyperliquid_base copy.md	6418	f276109b502d93d1dd29a5d13f481c25e7c3cdf01e69b7deb45cf02f40cfb114
core/adapters/exchanges/adapters/hyperliquid_base.py	19649	0c56bac04012026abd7dd89431d682922e326b22d7d0db698e66a0e0bddfcf2e
core/adapters/exchanges/adapters/hyperliquid_original_backup.md	37969	416450415cd98c63f7b9a10ca33e9b01e9d824137f5dc545e311de8fd9ca79be
core/adapters/exchanges/adapters/hyperliquid_rest.py	33653	4aa29dbdb0f5d4b9beb3a5ee128ea1becc3b86f4d92bda8acbce1db43086984d
core/adapters/exchanges/adapters/hyperliquid_websocket.py	69986	952e85661a8d09c929d2760b269f7d56ad2ff0b4ccab027bc251c98797bbff38
core/adapters/exchanges/adapters/hyperliquid_websocket_native.py	66668	b006e96ae490811c2136726e26905ddfe5bd1d639ccb11f03618553d9fce3c3f
core/adapters/exchanges/adapters/lighter.py	51205	72973faae3ba3537ad900d3879cc8a2c13092d2b085721ede1e3ff1f2952519a
core/adapters/exchanges/adapters/lighter_base.py	20018	d5ca463a8da9b3ccdc8aadb134de6cdf2b1bd3b52192c9afee8713a928fae37b
core/adapters/exchanges/adapters/lighter_rest.py	110554	19c8b2362705243575b7649002eb8144d400d259066a82c04ce6a0accaa70c4d
core/adapters/exchanges/adapters/lighter_signer_helper.py	2322	afab6a2457b6ab1c61e5ad3531d4a028f8df53d92ec769931a3a10caa508c7f6
core/adapters/exchanges/adapters/lighter_websocket copy 2.bak	141416	04431b8ced2866c169880a3f3502cf392be34c26601d4230015ce69e98c6b445
core/adapters/exchanges/adapters/lighter_websocket.py	137335	c323b2d0c04d569a255b88256e434eef6fc18b205e5cf892d7d0123d72a56f8b
core/adapters/exchanges/adapters/okx.py	20276	52f90dddf34b2d753e81fbbd38ccf1deb413d3490a51308668b92e5116a8223b
core/adapters/exchanges/adapters/okx_base.py	17335	27e8cb66c80bd9c3510a9436a2942947cb97c74969ca7be98807d2b97950e4a0
core/adapters/exchanges/adapters/okx_rest.py	23192	fa75769a4b2af4c4bb07a91a41385413b7ab716dfa00b6a8319ff89be784762b
core/adapters/exchanges/adapters/okx_websocket.py	32205	05cbc8b33016ebc5717a7daa439381c6b6e336464332132af9ffa3215e0fefe7
core/adapters/exchanges/adapters/paradex.py	26764	2ce4260c4d411747de42e38d9cf4baece7e3a298502faa60554cb5e3162f23de
core/adapters/exchanges/adapters/paradex_base.py	12412	e041bec4c7f87319e9ffc7b5e3c29f74821d5ba19faa2ebd60d124084743d7fe
core/adapters/exchanges/adapters/paradex_rest.py	33870	85e7377d5e35a67023cdbfd3065de70b7d74bb578f960d1d1079279db555d4f8
core/adapters/exchanges/adapters/paradex_websocket.py	58379	e371a1283bded01d191cda47c7df75eabb7ed62744f27265c01ae799bf97e2a0
core/adapters/exchanges/adapters/variational.py	14615	bc0f4619c31c79f8f2aac99c162cd5c583cd310ae8ba94715262386eda477e62
core/adapters/exchanges/adapters/variational_rest.py	6378	7996b86c9827521d7004485cffd024fdc7a0614fcc04042a54a68045b80ba13b
core/adapters/exchanges/factory.py	22019	f43c8a8167734551e4148959faf295b988b5902bbdc9aa06f186ed6c8bace7ca
core/adapters/exchanges/interface.py	14988	354eba049ba881a1675c1b9fade7fcf6967597246d02d55ebeecdafe4b53ab6f
core/adapters/exchanges/manager.py	20282	a6c0e915415039f071dd4d063fe0183b71ed78d88a12eb346682dd2c54653f8b
core/adapters/exchanges/models.py	21739	0f37d43b1320aa1b0283f706cf3d97d77d460810acaa614433a4a898a9c9af85
core/adapters/exchanges/subscription_manager.py	12993	21cce4db1090b94a5608c24074032b9162ada7484a029659737ec766bad67ce3
core/adapters/exchanges/utils/__init__.py	2233	ef65d144e1c8f1bd5d4d1ace48b7388c7db26ec208a94ea5215615fd2b737536
core/adapters/exchanges/utils/adapter_logger.py	13575	d531f2983cd9d737e805599f555ca7699629b261d6c3fa5185e39cade7460fd4
core/adapters/exchanges/utils/cache_config.py	1129	1ad8f3f7733dc121f6b4118db49d462e250e1007498d97df9b0817ccb81ff19a
core/adapters/exchanges/utils/cache_manager.py	6367	f92d9dadf7ed8e1ef0861ae64329296b900505054510c84868ee78188422ac1c
core/adapters/exchanges/utils/error_handler.py	6244	e6d2f37d518514edb4037bafd37259bf5a9463a52f9e6dca854ed8265a333ada
core/adapters/exchanges/utils/log_formatter.py	9458	9b267ec4c4da34856bba15b5703eff32ee995bed61dbaa654ba1933959edb19b
core/adapters/exchanges/utils/logger_factory.py	2695	0d0585766163b077accf50c7ba5b54847e0132c82cce528ffc141d21ca10c62a
core/adapters/exchanges/utils/README.md	7874	f8af3756bcff4a4bdc6042c1a72578b9dbe2d090f00bcede4081421926007408
core/adapters/exchanges/utils/reconnect_manager.py	8278	99fa05127344b21f0df51e996107cf08dde682b458fc54b649cb4a3988a6a311
core/adapters/exchanges/utils/setup_logging.py	9667	ccf909ae3203dbc14ce1ec6d00bf80281bed7a4c802c57288bf44d13a2c62848
core/adapters/exchanges/websocket_manager.py	16784	a273d4c3605cbf31ff7ef900f306d57eb15ce9e72eaa637bf26a376c8fd619f4
core/data_aggregator.py	51434	ad0ff8a14b294c09757ba71ba509ec49b9ad341256d9396a5dc487761b4beea0
core/di/__init__.py	23	1677a715283c1d68741bcc7cc50568704b2e9c5431a8956ecbf70e042657fe18
core/di/container.py	1960	753ad9496e90257866e6b406239b43dcd648333fe9d56cbb12222f480c120250
core/di/decorators.py	881	819e8346f414741ffd929969838afad966b7b31d8df57baf3bc4005c3e19af95
core/di/modules.py	3389	8275499a8b3628ae8d50a99dd1ff056043c9c5bf30c10c2bd9134a4a39f970c5
core/di/scopes.py	1552	85bc24c670a2daebc2598172daabf3c137f7dc6687c332e9159ad6d4b65a9099
core/domain/entities/__init__.py	23	1677a715283c1d68741bcc7cc50568704b2e9c5431a8956ecbf70e042657fe18
core/domain/models/__init__.py	9064	a51e47dcd27035c6855755a76d4f666beddf407418718126b5a204896762c944
core/domain/value_objects/__init__.py	23	1677a715283c1d68741bcc7cc50568704b2e9c5431a8956ecbf70e042657fe18
core/infrastructure/cache/__init__.py	23	1677a715283c1d68741bcc7cc50568704b2e9c5431a8956ecbf70e042657fe18
core/infrastructure/config_manager.py	16932	e465287135704d3d45c089425723cbcbeaeb2d56e6d3566e698b38cf5a14a745
core/infrastructure/database/__init__.py	23	1677a715283c1d68741bcc7cc50568704b2e9c5431a8956ecbf70e042657fe18
core/infrastructure/messaging/__init__.py	23	1677a715283c1d68741bcc7cc50568704b2e9c5431a8956ecbf70e042657fe18
core/infrastructure/stats_config.py	6030	155dc33270829e9783d6da2ad1f608f84dd9ba1e991a9ee0cc5a4d97730eded5
core/logging/__init__.py	4157	466edb8c78b3febf145b3e2557faef50fc69d4dbaaa20aebe290b55b3e139d86
core/logging/logger.py	16429	4d069eea896dba63e9527e84ff78b0208c3c710fb3a9fcdb2b25b4b855c79dba
core/services/arbitrage_monitor/__init__.py	566	01c240ec6fdeda6bc4f4eef3795ec5dee7353f796d96a2d2408e7b6d3c841822
core/services/arbitrage_monitor/implementations/__init__.py	138	32a0aae89a78f6db56f4235add3beacb54516f4fd5a6b3425cc3e39e488d9677
core/services/arbitrage_monitor/implementations/arbitrage_monitor_impl.py	54081	418cdae998b4bcff631de472a9e969755b6ee9af6744780dc02b8f50bcce9d2e
core/services/arbitrage_monitor/interfaces/__init__.py	143	120599c55b25d06da3118a4108e8a322b026c8813fa573f572de11b6887a857b
core/services/arbitrage_monitor/interfaces/arbitrage_monitor_service.py	1885	29a7fb5c8809f53b2c9b9d412063bc831972f98ad4bc9ddbb0213aed2c564ac8
core/services/arbitrage_monitor/models/__init__.py	279	7b4e4279672035b1dcf16c93955875a04199d2fc8332b91801b66636618cb9a5
core/services/arbitrage_monitor/models/arbitrage_models.py	5004	393d5838a8ae17f3a5994c2556bf6408982f728b7f3a2f4bbfa38b943bf00c9f
core/services/arbitrage_monitor/utils/__init__.py	132	df999b72be81f90d9d0bc23d777de6fe18fd177e8b2cc18b23eca31639c1db3f
core/services/arbitrage_monitor/utils/symbol_converter.py	11000	8d10a22a6bfa9df83fc8dc641381bedec3cdc42a6984016de7e3dd0d7984c058
core/services/arbitrage_monitor_v2/__init__.py	521	8e27fdec1dced8b3cbbdcf62d0abbc0d83aa53e4bc9c685eb480d9df75f925ac
core/services/arbitrage_monitor_v2/analysis/__init__.py	328	c3f1d728b77ad427e4c30c426ea5b9e325b6dc9f7120ea6db158165d7b15e14c
core/services/arbitrage_monitor_v2/analysis/exchange_locker.py	4720	88fbd640c63341cd237e02e170a302f89d5c552efe106d447ae619984af6d6f1
core/services/arbitrage_monitor_v2/analysis/opportunity_finder.py	12387	61127d00cacd7fd5d4946092649086fb8a13c341d268aeb847d31e3226898226
core/services/arbitrage_monitor_v2/analysis/spread_calculator.py	37841	6d58cb5c75e1eb68b12560c172dec076ad1909eab7e6ce6534c1b718b87492dd
core/services/arbitrage_monitor_v2/config/__init__.py	684	e2da56031954109afc657e88c3d7f16bb016dd8465fd84a4ba75f28e05315ce3
core/services/arbitrage_monitor_v2/config/arbitrage_config.py	18819	ca740f8289b139b894a6d8c0e3ecd3495d97be81b4021cfb5018c59ed50872e7
core/services/arbitrage_monitor_v2/config/debug_config.py	4394	6238574f78cdfcf7f2080690f5e1b125449d6ec88d26c7e973d26c5caa365f84
core/services/arbitrage_monitor_v2/config/monitor_config.py	16523	c06b6adc288745607fe71d394d8919714e3aa042cf8ecb7f93c77e2e1a5ca084
core/services/arbitrage_monitor_v2/config/multi_exchange_config.py	7217	c5064bf6fe084f3483b57b591ea6dd60bae927982c0a3866349a1aababeaac78
core/services/arbitrage_monitor_v2/config/multi_leg_pairs_config.py	4846	c510eeea364d06fb84baf016a694048d5eff870fec7eba6dcb3b466f6c358f7d
core/services/arbitrage_monitor_v2/config/symbol_config.py	17624	946a0e2082214518f6cab23a33e805f83b3d832cf1c67ac3bee14257699289df
core/services/arbitrage_monitor_v2/config/unified_config_manager.py	34973	53c883636f34d3711c2e5ee18fb1bec50c11a9ecb8e422ebb243739b7b25fd53
core/services/arbitrage_monitor_v2/core/__init__.py	0	e3b0c44298fc1c149afbf4c8996fb92427ae41e4649b934ca495991b7852b855
core/services/arbitrage_monitor_v2/core/arbitrage_orchestrator_v3.py	94828	7892bc2a8105eab7b128d65956720d6d2b7d973cef460e18771f623d578258ef
core/services/arbitrage_monitor_v2/core/debug_state_printer.py	7220	27df1c0c61a0f62492890e732ee894d2d0797d8e7e7c7608e6018249dc881d8d
core/services/arbitrage_monitor_v2/core/health_monitor.py	5119	21fa02f788f4b1a4a3f22fe67b449f76a52d8065cf181d775ad45af8f96e4787
core/services/arbitrage_monitor_v2/core/orchestrator.py	26009	5bc14bdfa01821a03be6ab465c02100e46625d490982a60c59aa4f3c2be2db39
core/services/arbitrage_monitor_v2/core/orchestrator_bootstrap.py	10700	9ed2bb14e3f769ddbf791be48891b2d62f281537a10fcd4d180a8183c3926d12
core/services/arbitrage_monitor_v2/core/orchestrator_simple.py	22528	8b0dae147b41d0a4c84c279a05a09cac8f0a7ba12c5e3ea23953b0aadec4c7ef
core/services/arbitrage_monitor_v2/core/orchestrator_ui_controller.py	52295	54ba4a11560df62ae2d2b69fcf5f0535b87ad7f8353d213e8d4b38e79cae94b2
core/services/arbitrage_monitor_v2/core/reduce_only_probe_service.py	4533	35d28ee0e42c5cbda1c9b8a04153833ac762bfd821f9fa01ad0010c4113c17a8
core/services/arbitrage_monitor_v2/core/spread_pipeline.py	21952	49f77068b0d1f57a860c928c668ab03f12057e7bbd48b4f3ee81d3175899b8e0
core/services/arbitrage_monitor_v2/core/unified_orchestrator.py	130910	f9f4c06244057dcb6f92e0fde4723c747ecb31b912e254cb94aa09f4e6dc73bc
core/services/arbitrage_monitor_v2/data/__init__.py	0	e3b0c44298fc1c149afbf4c8996fb92427ae41e4649b934ca495991b7852b855
core/services/arbitrage_monitor_v2/data/data_processor.py	20182	f04c64f607e067975466a4421cd098968da108750aecf3d0b1b9eccf96b84a7e
core/services/arbitrage_monitor_v2/data/data_receiver.py	29973	2b5948699f959873fc902d465b4a1a8d2354ce65d18583e365e011701821256a
core/services/arbitrage_monitor_v2/decision/__init__.py	368	0969602754b23d63c5234d7e8ab8d98718e9652a9d09020296cbdf1917af4736
core/services/arbitrage_monitor_v2/decision/arbitrage_decision.py	34519	4cd59693fa682e46daf7e1eba48b7333be531590b9d1a083f930f959c355276a
core/services/arbitrage_monitor_v2/decision/unified_decision_engine.py	73731	b5273ed651470b9431bb01db2710f13d111ac0c7ad42a6cb715ce713c0862adc
core/services/arbitrage_monitor_v2/display/__init__.py	0	e3b0c44298fc1c149afbf4c8996fb92427ae41e4649b934ca495991b7852b855
core/services/arbitrage_monitor_v2/display/realtime_scroller.py	7121	9a302d6a2cae14391c1726b8087723a2befb782c61b7181fb1edba9ee4365024
core/services/arbitrage_monitor_v2/display/simple_printer.py	29619	3643bff1add118695fd3b43c9e424dd32a85d5ff62379f451c9544a4cb720169
core/services/arbitrage_monitor_v2/display/ui_components.py	60134	856ddc32501944083df9490db8bc04ffe917a4ecd604421ec2e62077b079adfc
core/services/arbitrage_monitor_v2/display/ui_manager.py	80595	6a361b8ca94a6f17b1e3c91e8ba867f9f9d2b8e372f25c71a2f7c9826558bd25
core/services/arbitrage_monitor_v2/execution/__init__.py	347	010eece5ac8091581edc46b75ae29a7458f6597841b82f0ce12a8938fbd019df
core/services/arbitrage_monitor_v2/execution/arbitrage_executor.py	113880	0645ce0d0d41af3bf01e5ff9e7270b97d22a867a09c5e348403ebf96a94afe8f
core/services/arbitrage_monitor_v2/execution/lighter_batch_executor.py	21488	32cbdeed9254f9cb0e6436f7f50c94e57935d011881e65e31d88d5196ac8d1f1
core/services/arbitrage_monitor_v2/execution/order_monitor.py	24731	75d93c371b69df88e3867d9494417df9e54cfe85a382bfd30475a13e6b15ad43
core/services/arbitrage_monitor_v2/execution/order_strategy_executor copy.bak	145521	210dbb01c677d3f069b85a529b0568b5404944e5df7233f2cb02ae956b0efad5
core/services/arbitrage_monitor_v2/execution/order_strategy_executor.py	137831	3f3f11ab0f32b09c0dda6e8ab546b22619b795fa9449b7cf60fce67962859407
core/services/arbitrage_monitor_v2/execution/reduce_only_handler.py	9434	e7604ef639cf2f86de4d3f73c813f9cf3eac0bbadf1ed432e7b4cd0c209e65cb
core/services/arbitrage_monitor_v2/guards/__init__.py	247	84d9e744ab505177aee1637f11bb2e30108a70e70181bf944274b43de681f926
core/services/arbitrage_monitor_v2/guards/reduce_only_guard.py	5946	82e0013e6d6d072c66f572e2b684dcb8c427acbc780b0aafd760846e5cd5681b
core/services/arbitrage_monitor_v2/history/__init__.py	594	687084e1eede88fd5961502992c1e2fad99e8b300f5b3ed1f0372368e5eea3e6
core/services/arbitrage_monitor_v2/history/chart_generator.py	29511	5e4b805fcc193c9825fe586d23a42d0612bd9ad027bd07bcbe19e1f189d374ac
core/services/arbitrage_monitor_v2/history/history_calculator.py	35568	cc15a4046b42b43982c60d077b3464b1d420a7feaa134842dd47b1ac6e1ac07c
core/services/arbitrage_monitor_v2/history/spread_history_reader.py	8725	76f07c7924b6a33f15969890ff4cc537ebc9e0e5cfc4f7ffdeca7b5827251e37
core/services/arbitrage_monitor_v2/history/spread_history_recorder.py	37481	a513a6b2abe8a36ad1511f4508a6113ef29f9400fcc20959c689276c8f335a65
core/services/arbitrage_monitor_v2/models.py	8811	53a1ed408679183feb0887d9e84880dafe2bb158e441215a6037716cfe35df6c
core/services/arbitrage_monitor_v2/risk_control/__init__.py	339	cf6f708335aa7b160e3b75adb11f07e276bdf95559efd866c6735ec5109b496a
core/services/arbitrage_monitor_v2/risk_control/error_backoff_controller.py	11712	7e550fe22ad3fd6bf0d2f024837213ad276c48c0f60889cf0045412fe9a6ca19
core/services/arbitrage_monitor_v2/risk_control/global_risk_controller.py	24631	2fec624048e7dd71565fa63d0e4bb3686c02bf7a9135bbef8a8d5af35de35470
core/services/arbitrage_monitor_v2/risk_control/network_state.py	2493	ed1d81c06ef45164f905610f511701f3795bda9f230fae1e11ee365e6ec51173
core/services/arbitrage_monitor_v2/state/symbol_state_manager.py	5580	80e82a059703b9c407174f5a08c652dc0339a7c8ef59575d0c2ceb4b3bdf20b3
core/services/arbitrage_monitor_v2/utils/orchestrator_utils.py	3056	8b8ad912ff6325262400e104dca1b3c8c13596d73192de8b5e3ac4757fe9443c
core/services/arbitrage_monitor_v2/utils/risk_control_utils.py	17868	a2a27c562712447fca638cb4d5c368c2ea5d5ab33a0dd7ee0f5ee5496ca85efa
core/services/events/__init__.py	322	d11ab8fef7f30b919e1c0da811888f3e6e0338d07702af7ec7c6707006f51536
core/services/events/event.py	3207	88fca32d8bbb71e33fc38c5c32cb4b8b72a7b225f30d9c75edb49620fc84df6d
core/services/events/event_handler.py	8887	8ead148b94565b660faf6d7d3b3080398eef049b4ea9e948e44a26d3718c59f1
core/services/grid/__init__.py	1896	e4c21409130a8caa0bc5ceb6414055eb8ae20a98df5f31543ad936556b0023d6
core/services/grid/capital_protection/__init__.py	138	b77c570d60665f2f2da385f96a480f1f58bb1baa40b3ede65b1f69db28261fff
core/services/grid/capital_protection/capital_protection_manager.py	8907	5e8a44c157102bd423c98ac97d0e2f017a786244018ff649eb2560702ed67e26
core/services/grid/coordinator/__init__.py	622	69f019c96ec639d4e8db5659c02b92143d0af28ae634901bcb4be63333b284d6
core/services/grid/coordinator/balance_monitor.py	22302	242c1dd8ad3c5f3dfc40cf31ea8be62a6a0f64c9065ee43961d39fb55868e942
core/services/grid/coordinator/grid_coordinator.py	107924	0ddb0b24ceee2511488f2a12aff5537abef6a4d8b9b25ddbe4319e58cacd67b2
core/services/grid/coordinator/grid_reset_manager.py	25857	a8ec1b4d8c5b837fe8b2e50943086c2b3c39afe6a6d77d2489db328026bf8d28
core/services/grid/coordinator/order_operations.py	28854	bfede672f8e104b7e368239e91a48e29384223be4bd1f6d071fb2bb5913302a4
core/services/grid/coordinator/position_monitor.py	36435	c9598972004d228693b88a869e9beec9d7e95f55a88c968f311355ef570a4554
core/services/grid/coordinator/scalping_operations.py	33588	5bdaee01c7829f5f2e037c3572d2dcc8b9b12ecafeb382ad507bd7626fefd9e9
core/services/grid/coordinator/stop_loss_monitor.py	28969	1a1a502c021f6c8b186297c474c5690a261234a1ac641b3ff4f6249b401ae16c
core/services/grid/coordinator/verification_utils.py	7650	9565da103b7b8f967892ff9c8d865668d77d38247b2f5b398eb4d1a4b5d301d1
core/services/grid/implementations/__init__.py	326	27ee79f2317249ab15c63b2df18963a67dc2f84463c26c7f09eba04678b808a6
core/services/grid/implementations/grid_engine_impl.py	102894	44b1fafd15dba09a13aa7a399a2fdc2dfd6fae5ccbc998837649af80e17c92ec
core/services/grid/implementations/grid_strategy_impl.py	9743	745e352fb0e6bb241bfc1ddd5521eadb4a52d03c905f6b1c38dfddf991e3c15b
core/services/grid/implementations/order_health_checker copy.py	103155	24163cc09ed1315ed98023bd28d15d08283e7586043f04e690deaf589c68c623
core/services/grid/implementations/order_health_checker.py	110337	8efe572ba85d35ba3b30ed9845615cd7899e4c9af0b6efb25c1c5ce59f8c5d12
core/services/grid/implementations/order_health_checker.py.backup_20251103_123554	96803	8839f4958f67829e1dc565d52c5185dbe1b6fa40a6326556a21da0f62893a66c
core/services/grid/implementations/order_monitor.py	9809	223f0bd0609d3e110d34a4971fffa62acbedbfde8709d219c95429ba3702b251
core/services/grid/implementations/position_tracker_impl.py	15308	cbd718a10057d0e7c88187d59992a38be45cdcbe2da9a38b46322b3af27009bb
core/services/grid/interfaces/__init__.py	308	4095777450fff72d6978292eec219186db3e9b1e92f001bd5c1495fd9fef87ee
core/services/grid/interfaces/grid_engine.py	2563	1ba59bbb447bbcac9139e5ae8fafb78eac891bd24360d5b277340622274f5fdf
core/services/grid/interfaces/grid_strategy.py	1594	305303cb461ee62f1ee9e924a63eb09825b9583493c1f4aceb827beb38c6d7a2
core/services/grid/interfaces/position_tracker.py	2808	73cb6cf36539f4aab96191d3cfbb1ce0000b00e78f0e10140fd348c1ea1186d2
core/services/grid/models/__init__.py	602	7aebcf28d5cba356a1dbd49f92c5563ff9f9ba2663d6e1aacae564f8ab8060fb
core/services/grid/models/grid_config.py	34396	49e2c7aec00f220599fd22f3cfe3834eecd592bb9ca791736ad6e1b552b46b02
core/services/grid/models/grid_metrics.py	11837	64efc9bdb9e0004fffb51dd4fc64ff3b304ee77165a188c488b35481449509f3
core/services/grid/models/grid_order.py	3939	80f90a8ba70d04e3f7e7ee7d4477045bbcad83f6df597a091aa455cf08ce5927
core/services/grid/models/grid_state.py	10597	21ecea2afa149841195848ffc4eb9cbfa08f38aafd75644f1a3ca35560f01416
core/services/grid/price_lock/__init__.py	191	ac4a165fc1e5d077394d0ea246b12f92a20de7e115e7662fc3d96479651e8f74
core/services/grid/price_lock/price_lock_manager.py	5705	527391c6619b8f8f4a3ad75c1079f9945bffb7110330527e89e5c9d692fa447f
core/services/grid/reserve/__init__.py	757	174bfbda53b1d87d0226f64404fd7f177be2e483c2317eb67dd5ad559585cf00
core/services/grid/reserve/reserve_checker.py	8094	96bf43eafae7e7bb4b5b909c1fa76f074c4492432e3498b7ad0dd53d4cbe79a5
core/services/grid/reserve/reserve_monitor.py	4754	3235734ad1b6855de52b96baedd29240edfaba8a5cbce8df7aa45efe471bf239
core/services/grid/reserve/spot_reserve_manager.py	12669	57134a83a7c7df07ba024cf8c50885ca28b38f8ebb2f327f97351bf74534b117
core/services/grid/scalping/__init__.py	151	e59558ea29cb404b74a4a5c079751c109fcd08ae893b468497be1378cb0781d6
core/services/grid/scalping/scalping_manager.py	21012	1f03d21479a738e29e31a531a6a5aadca4f45a4aca088f277c8461e23073785b
core/services/grid/scalping/smart_scalping_tracker.py	13427	d95d19bac45430ef345dc000abf8fabcb56130657944c5bd73a377e2c98f6507
core/services/grid/take_profit/__init__.py	194	f80879cfd49434b0ae9abe61d9134b5ac02cd3cab69fcf0ac04dd4e46d7873bd
core/services/grid/take_profit/take_profit_manager.py	7927	6ef2369aaab4088a52955fabef60c4e3b16747dec7b19952797c4139aabe75c3
core/services/grid/terminal_ui.py	66991	c181aae0d2820d783e53dcd3e8370133b32619f9241da42aadc50e79c2b33110
core/services/implementations/__init__.py	23	1677a715283c1d68741bcc7cc50568704b2e9c5431a8956ecbf70e042657fe18
core/services/implementations/config_service.py	23565	358366d5d09b09d294a3ea08e0b907127c1d7f639e729226ae03b6f04cba1eea
core/services/interfaces/__init__.py	23	1677a715283c1d68741bcc7cc50568704b2e9c5431a8956ecbf70e042657fe18
core/services/interfaces/base.py	1979	5cc0d187035347c910b10b901ed4eb0af56ae7bc172c42e60e83a6a84511f058
core/services/interfaces/config_service.py	3171	53edd0e6e47ac55f3cbea03959893c3356b41def7097f9e977ffa2f8d40e5086
core/services/price_alert/__init__.py	34	17a5e20e8537959fe7452ce09e773f955994cd4e3add854d673d7ff2cadc0109
core/services/price_alert/implementations/__init__.py	40	276bb2e2f98f1ebabee72095665506000baea9e4d0191e454623c304da099610
core/services/price_alert/implementations/price_alert_service_impl.py	12871	e92093c2764fe9f76159282860ab2f6f712e4067f1884e303d04d7d903bd9bd2
core/services/price_alert/interfaces/__init__.py	40	45b00f3067e5a75b609738b89a7125981538ec30c3f350b7fcf3a6dd0f7ed455
core/services/price_alert/interfaces/price_alert_service.py	1022	5dad33a1d278e5922cd61bf0e447114f9d52e8f9b65bf09f6d2d0d598bc30837
core/services/price_alert/models/__init__.py	34	89b9f7f1c517b0bb2be1c00ff5454cc0234628de1f7f922ccb2423ce193c20ae
core/services/price_alert/models/alert_config.py	5597	2831370b008e39bfd5eab0812d3db8a19aa46d17d0bbed3ca15d37bbac5a64be
core/services/price_alert/models/alert_statistics.py	4745	8e9a61d0744b577e370c199487727fe2d94b6ab4a55bd745e09138e47ec8df2c
core/services/symbol_manager/__init__.py	868	2fbb73325301a4863f8bd1d9aa9fed2c2c1135a09bbb0b50a824a7fe9165e500
core/services/symbol_manager/implementations/__init__.py	239	e36fc8ba640b8ed21ba5d99e52e2857a9ff2f53c60cb9eb02b02a675d9946e4f
core/services/symbol_manager/implementations/symbol_cache_service.py	17492	d9e311b555efe708df7cb669da5640bc32dd8f2c437fbe6541902e0772e28170
core/services/symbol_manager/implementations/symbol_conversion_service.py	21983	9878280a58f5f9c831c62b6582f3f10b614f8952e10344333e1ed0be64d675dc
core/services/symbol_manager/interfaces/__init__.py	262	3e35ba95bb7d1334991aa4c07716278c03501fc1cf7ffff2168a578f7a2f1cd4
core/services/symbol_manager/interfaces/symbol_cache.py	3211	d50d6e0878b6f4acb42fcd209940976c321daf65178780006267310bdb981693
core/services/symbol_manager/interfaces/symbol_conversion_service.py	4219	1d2dc99dfaac5967b39fc7aab036af3aae4431ca49a8450a1eb15c0cc8b9a744
core/services/symbol_manager/models/__init__.py	164	c2764dba180975ad0287515250099263ad0a7128413a3d515dbd01fc603483d5
core/services/symbol_manager/models/symbol_cache_models.py	2326	11bf86c2b451b4eaca4c2e97e4da9f8fa72a2a1d281ad0da53a194247a81b7b7
core/services/symbol_manager/models/symbol_normalization.py	11732	d2e78dacfb25b67cb785f5fdf948a3a66b74532c0d1912b35cab5e7b5f120f97
core/services/volume_maker/__init__.py	517	748ffc83ae47644de814058e94a4cafd7b745e9b5c347abd4e4a685f2edb8cda
core/services/volume_maker/hourly_statistics.py	14078	b50efec28e2ea1f0f0ce3116f1a934c81866dc8199e0086ea6c7b3f73afb7efa
core/services/volume_maker/implementations/__init__.py	137	6f4f14ca1fac2c925eb0573a133f7f202f064e1b1d676b00e12663ee541487a7
core/services/volume_maker/implementations/lighter_market_volume_maker_service.py	103367	7fb7109c9f4f91e8d636059c05a3acde5138e7e1e902aef9293b027462130713
core/services/volume_maker/implementations/volume_maker_service_impl.py	96096	f3702ff66816ebc776e57d464f91887cf1354fadb60015c71aa18c5e9d445457
core/services/volume_maker/interfaces/__init__.py	126	296d65999fe7161ae5d762b5b9a91bae519f98f00c90eb49867484a95211338f
core/services/volume_maker/interfaces/volume_maker_service.py	2018	d45c8e0c220059e4bd58dc094e54a2bf7cef4c2675bdddd12ffcc3877754d43c
core/services/volume_maker/models/__init__.py	431	a15acfd81f6f5fd08d79429265370752bcdcbc094882a3e6db1f4a2b2a8ada8e
core/services/volume_maker/models/volume_maker_config.py	10448	d125d68340bfc5d9f6e5123bbb40959bf7fe1b0a6353459968be79839bbff96a
core/services/volume_maker/models/volume_maker_statistics.py	8203	11b33b1fd497c265547b82c05e86f17aadf2f237dd1cbf8d984d5f8d275f21f6
core/services/volume_maker/terminal_ui.py	24536	96fb83aa57d6034306661eb70ed6945e97729e4a6d7d69073f5e52b5534ecdd8
core/utils/config_loader.py	13418	9104f7b251ff0de5587b23dff2c21162a2933e6cf451e882228bbf1315e3c5d7
data/spread_history/calculator_results.json	5289	5cf22a82d5583df1b5535986a3d89c8655c2b1adc12ae1679e88d892023718f0
env.template	4167	c70eddac33d8a41f536ccb7f49a1743075d79341408bd81b596947f96086ea3c
examples/basic_demo.py	955	f030a54d01f5e217c45a13ac4ba59f75ce7d56600632a317f4d7b5b82adbe250
examples/basic_mesa_demo.py	11522	21ee9fc375c35785ed184cb432d340a0b931bad2293e87f47c970d1dc79a79ad
examples/config_separation_demo.py	7088	9e908940facd585fd35991068f184f54fcc3f4ebae4fc2204ade190bfd260c64
examples/debug_config_loading.py	4790	87ebf219b672f87e968fde17277a5541b317999e65fc69514b49b197460657fb
examples/edgex_adapter_demo.py	17923	eeabf38345b61e820e078985915e25c00c813dceff80431132ef7e5ff270be49
examples/edgex_subscription_demo.py	12643	271ac1aafa1b327324c3ef52ed75f65f9eaca42954ef5456a0fdad158b21f13a
examples/exchange_adapter_demo.py	14987	e87fe85c0e3611f6460dd06c89e7050f450d6505b01f5a2f7d327593f3c142e1
examples/subscription_config_demo.py	10125	141eea00232755426db431d50ed47908a10c70ffff19894abab56f609d344eb6
examples/subscription_mode_demo.py	10533	b74097f326783b9b9078f65c1c38342ee7b98996c61840a1dc8e6c5984c53a29
examples/test_config_setup.py	7071	e754555ce070930547434f078d808895c9ff46f2a4cc93a6d6cdafdcc3857e4d
examples/test_unified_config_system.py	7846	f357da6381e96f1d7c8ed49bbd909fb63917f18a21d615d9e231aeac0802f56a
gitattributes	4867	dd7a135173388a203483a71c433b9c98dfe4f292ccd6f843ed9b81a71d0aca0f
gitignore	7761	b3c74197db2c0eacbe0212f977f4f5490f61139d61a03a1c15d519a75df5a5b3
grid_volatility_scanner/__init__.py	882	0df9092b03c286beb2abba929989ce1b7647df2cb291892bdf8b7fea8b492fc0
grid_volatility_scanner/config/market_config.yaml	4985	3d3b2d9de4c4bf8fde875374d3c063fb854821991cf9888f61bc4e60944ee848
grid_volatility_scanner/core/__init__.py	296	07e21f618e6b1271bf1dff8a3fedc2fb75702eac766fc5a0985551b30013071a
grid_volatility_scanner/core/apr_alert.py	9187	a652c5c04fb9955e2126d61a7d37bf10400e38bbdff546b7b0831303038c8fe8
grid_volatility_scanner/core/apr_calculator.py	3420	8acf3ef3bea8b73ffe805222bdaee8e115614c1cbe602c3e4de1456a2b9e0744
grid_volatility_scanner/core/cycle_detector.py	1387	12282953e5e8b13f4f678a99091fe2d75b81a7024fc6a3a3731134cb47951a5e
grid_volatility_scanner/core/price_monitor.py	3350	726e40c86c634ce3b80a1539c97bfbdb1fb780aab6d1ac7a650b706c4f15cf9f
grid_volatility_scanner/models/__init__.py	232	e2d9ac0c32122e3c775dd95c70b6ad9e78ec60644405b1b91448115dd11576d6
grid_volatility_scanner/models/simulation_result.py	8398	c065f25f90ad36873741a2332b38d74202e12316875e40c7b83c25199fd91979
grid_volatility_scanner/models/virtual_grid.py	27067	8f83ee3fd37df3a98c68e5cf028a142b7c521bf32ad6a6074ef020ae07a037b7
grid_volatility_scanner/README.md	8568	f503985ed08a7b64e3b2ccc73947cefd2b56d1e964903d3f4d567aa36661db5e
grid_volatility_scanner/README_FIXED.md	5416	02a2635698420e9149d218f5e8d3f911204a223164c658b29ea7848d62424a22
grid_volatility_scanner/run_scanner.py	11619	db82796bfa84270670d8b5f71ca5cb002d9dab5fbefdc28e68a727c91117c19d
grid_volatility_scanner/scanner.py	64635	5f4f1029a7cd93b84747e7ebb19cbeab0df64db9fb77217083ca829b8d96f443
grid_volatility_scanner/test_scanner.py	6327	8009c58aede94622da8ae83e3c605d9c1ee2c404c31811490a47295ec595ac0a
grid_volatility_scanner/ui/__init__.py	143	550ed960ba1261a251f86a749b76c5abd46c8cb5a0f2bc15f53cbad34ea0f04c
grid_volatility_scanner/ui/scanner_ui.py	23221	f9df310e1517c3f6178a4ee377d6642ee0495c27b70bcae873febfeb1f66774c
logs/.DS_Store	6148	d65165279105ca6773180500688df4bdc69a2c7b771752f0a46ef120b7fd8ec3
main_unified.py	3580	28a6b0390fe17b187b772d97a9040668a4668b2e998a8bd7cbc9cb7d434e1571
README.md	60474	3f5ee79e71ed5aaec205bef5178a2755ecf8beeeaa607883bf241b11d31d59d9
requirements.txt	10039	ca99bf877d1722ff71ceb2a8bcbfb0db83bd6ee6ec7e036eeb23beed4e6b97b0
requirements-lighter-spot.txt	8233	a848e490ec0d9b1a13fce8419e01c49fccfa7ab399f1e777823e3d33dfba54ab
requirements-py312.txt	5745	b4d3f0598de582a27366da09ae504ad7eb6b23145260c220581904e0eaff5683
run_arbitrage_execution_v3.py	4269	1bf4e3263fb6c4be39fc53499882378d2dcdfed1e097781164e6d0e991639b37
run_arbitrage_monitor.py	61628	763ee1ae6eba21d5b9bffc65c6168db255eef9b62e37d823680bb264e1ca22bf
run_arbitrage_monitor_simple.py	2737	6f055802e48db02bb61b08f57f426c99cc329d9e159510865de655a36a37a10e
run_arbitrage_monitor_v2.py	3189	4eec8caba7f77308e24558f8aef98d916121b82d9866c769ee1767cda04c8a6d
run_grid_trading.py	31493	ecb4808030964524a750499ccd2abfe5396ac32f1b8a371bcff53d66cd98f671
run_history_monitor.sh	261	72a424b4672176e392a489b4dabc311bad3aa98799f5f28c59c0835e4021d3ba
run_lighter_volume_maker.py	19025	edff62cb119e22a89707ab631ebcc7b053edb3f1a9ef5574d9713ccea75a8052
run_price_alert.py	13762	7aaae879ca4eac39816ad1fb441ff227ef508d7bf49cb514b707f2aae4ed764a
run_volume_maker.py	12748	7077b637d8fead1e3d082c803eb7fce73df8ac98b9cd8887c2c1d628d8759854
scripts/apply_log_optimization.sh	5995	8a4d40db2f52fcffd107822c5d0b14a9f5d513bd410e7afaaf66a76f2a56ece3
scripts/check_ports.sh	1484	a9c395215354486ce86585acece9854950c28c6ed9292e63be3130eb69956485
scripts/deployment/__init__.py	23	1677a715283c1d68741bcc7cc50568704b2e9c5431a8956ecbf70e042657fe18
scripts/deployment/start_system.sh	345	f888d75de74f92f86c2b91470d2ac81d2164921e12e9a2788cf506f4d550f6fb
scripts/deployment/stop_system.sh	9741	62bf87a17605d72e9331f9ba5c97ef66d5a3d11c07c3dbbbd5b328e838d9712b
scripts/migration/__init__.py	23	1677a715283c1d68741bcc7cc50568704b2e9c5431a8956ecbf70e042657fe18
scripts/README.md	1166	62e021cbbccc8f5272c740e667c2fe0b861da55d1968498b2249d39a52f81eab
scripts/release.sh	2208	bd4c8aa7b42ddf2a33570e50b7b97c1593b045122decea3a5de1677d8167e1a5
scripts/start_all_grids.sh	1191	f7412ba0e74bfb5cdef58d1e01c2e79dfad40111d24e4ee68c71776121650212
scripts/start_arbitrage_monitor.sh	605	2b1a78599e2400f391f554a9b4ea1edbae19499179e9743316bd3714022cd792
scripts/start_lighter_volume_maker.sh	1966	d22afb16398e11d95efda51ca302994e737fcf544511f506e8601dc960f78355
scripts/start_price_alert.sh	412	267ce9a62fabb32f12577c42415c277c61e014d66a10cf25ea41eeed385e642f
scripts/start_volume_maker.sh	1198	9ca041d580302bebe0f29727438f8360df173b4a1f8bd9edf3547993271f69c6
scripts/stop_all_grids.sh	477	771629452cf30da6dd607ca2aeec24d3f0f42a2a5a9af367e125f05e1cac9eea
tools/__init__.py	79	601371df9956337aedf88a3f062faf1ac2c83014bb06ae1376be256ada266f37
tools/convert_account_index.py	5956	bee636f9a99432c35865f8e6eae4ec1673131e2eea314b6caf43946c5260272c
tools/debug_mode_guide.md	3862	31ea2a3848ab082f52c2391108013fe28545c7c3ce26506d8483acbaaa976b72
tools/grid_config_generator.py	48525	2ff717fa7d4199cf7c30c0332c0cec4ef444f39a55dd9be27d425d7e86dbbf7e
tools/grid_config_generator.yaml	3044	a4df8fad454af97e9250aa3d9d428276b27554151894dfbf12db9344275817b8
tools/martin_grid_calculator.py	15555	4ddcb2699c874e53aeca9fc9cd39034e1373e637d315643768f36ba6671825dc
tools/martingale_calculator.py	13188	356b5018a73f76a598e315eff90fda0631a09394f97695eb95429b895a3fdc5a
tools/query_account_simple.py	7698	c55fcdb36f26d7a2ce225aa78c9cd1a173320752af0ff09c4f09319484623178
tools/query_account_with_apikey.py	9661	9769509e8e99242c305bedc80ddb27d83d42f8b7c76baa1d7474d81e1f7b0b12
tools/QUICK_CONVERT.md	1302	9beaaf572907a895b5f5aa95b7aac0dd277303d2be43b7159cf2d7c0543bd68c
tools/QUICKSTART_grid_config_generator.md	4989	70b1bf06dcc09245e2c4208986c5d221183f759e06c343bc041481939e88e776
tools/README.md	2395	e2eea8dd7a99427b7297d5e2e1a1a5fdd0100c4bf0abcd9523739bba17f5c00b
tools/README_account_index_converter.md	8216	8da85186fa88553d57195390067338046f485554f8f494093d94193ef6256d53
tools/README_direct_monitor.md	7953	1f108043e1e463990cb5d4e74cbfffc3605c5a8489fb8a392665064c41e7376c
tools/README_grid_config_generator.md	11065	3ed4481275f04d314fba884ae6eff771f5b4802783524049ed5330ebe5b5429b
tools/README_sync_configs.md	6734	38e689fee9a9c14ea0f32704d9edc5e87e0bdaee602858e65bc045eaa43fe47e
tools/sync_configs.sh	13548	be2dd49b95999b91876d29c027d6f25846bdcefcce9332e1abcf17bdeb7a54b4
tools/test_apikey_direct.py	3539	72799e3f800b6aa17a8f33aa2fd167a0f7cda164303e61d3b4cdfaffef2edcc6
tools/网格配置生成器_实现总结.md	14890	0192db59ef2433a8bccc68bbd7d700b71eab2ab41dbb0afbc462ab33ce1dec50
